Segment,CDR1,CDR2,CDR2.5
TRAV1-1,TSGFYG,NALDGL,SRSDSY
TRAV1-2,TSGFNG,NVLDGL,SRSKGY
TRAV10,VSPFSN,MTFSENT,DADTKQ
TRAV11,ERTLFN,IQSSQKE,GKEKFY
TRAV12-1,NSASQS,VYSSGN,NRASQY
TRAV12-2,DRGSQS,IYSNGD,NKASQY
TRAV12-3,NSAFQY,TYSSGN,DKSSKY
TRAV13-1,DSASNY,IRSNVGE,NKTAKH
TRAV13-2,NSASDY,IRSNMDK,NKTVKH
TRAV14/DV4,TSDPSYG,QGSYDQQN,QKARKS
TRAV16,YSGSPE,HISR,NKGETS
TRAV17,TSINN,IRSNERE,DTSKKS
TRAV18,SSYSTF,SSENQE,IKSDSS
TRAV19,TRDTTYY,RNSFDEQN,QKSTSS
TRAV2,VSNAYN,GSKP,ERFS
TRAV20,VSGLRG,LYSAGEE,TKKE
TRAV21,DSAIYN,IQSSQRE,DKSSGR
TRAV22,DSVNN,IPSGT,VATERY
TRAV23/DV6,NTAFDY,IRPDVSE,NKSAKQ
TRAV24,SSNFYA,MTLNGDE,NTKEGY
TRAV25,TTLSN,LVKSGEV,GEAKKN
TRAV26-1,TISGNEY,GLKNN,TEDRKS
TRAV26-2,TISGTDY,GLTSN,AEDRKS
TRAV27,SVFSS,VVTGGEV,GDARKD
TRAV29/DV5,NSMFDY,ISSIKDK,NKSAKH
TRAV3,VSGNPY,YITGDNLV,NKSQTS
TRAV30,KALYS,LLKGGEQ,NEKKQQ
TRAV34,KTLYG,LQKGGEE,DEKKQQ
TRAV35,SIFNT,LYKAGEL,GITRKD
TRAV36/DV7,VTNFRS,LTSSGIE,DKKELS
TRAV38-1,TSENNYY,QEAYKQQN,QKAAKS
TRAV38-2/DV8,TSESDYY,QEAYKQQN,QKAAKS
TRAV39,TTSDR,LLSNGAV,DTKARL
TRAV4,NIATNDY,GYKTK,PADRKS
TRAV40,STGYPT,ETME,KDKN
TRAV41,VGISA,LSSGK,NIQEKH
TRAV5,DSSSTY,IFSNMDM,NKKDKH
TRAV6,NYSPAY,IRENEKE,DTTLKQ
TRAV7,VSRFNN,MYSAGYE,LKNG
TRAV8-1,YGGTVN,YFSGDPLV,IKSKFS
TRAV8-2,SSYSPS,YTSAATLV,KKSETS
TRAV8-3,YGATPY,YFSGDTLV,KRSQSS
TRAV8-4,SSVPPY,YTSAATLV,KKSETS
TRAV8-6,SSVSVY,YLSGSTLV,NKSQTS
TRAV8-7,YSGVPS,DLTEATQV,KKSETS
TRAV9-1,TTQYPS,AMKANDK,RKETTS
TRAV9-2,ATGYPS,ATKADDK,RKETTS
TRBV1,GHDS,YNCKEF,PDSSR
TRBV10-1,WNHNN,SYGVQD,SNTED
TRBV10-2,WSHSY,SAAADI,SKTEN
TRBV10-2,WSHSY,SAAADI,SKTEN
TRBV10-3,ENHRY,SYGVKD,SKTED
TRBV11-1,SGHAT,FQDESV,LKGVD
TRBV11-2,SGHAT,FQNNGV,LKGVD
TRBV11-3,SGHNT,YENEEA,LKGVD
TRBV12-1,SGHND,FCSWTL,PDVSF
TRBV12-3,SGHNS,FNNNVP,PNASF
TRBV12-4,SGHDY,FNNNVP,PNASF
TRBV12-5,LGHNT,FRNRAP,PDATL
TRBV13,PRHDT,FYEKMQ,FSDYH
TRBV14,SGHDN,FVKESK,TGGTY
TRBV15,LNHNV,YYDKDF,PNTSF
TRBV16,KGHSY,FQNENV,LPNSP
TRBV18,KGHSH,LQKENI,PKEGP
TRBV19,LNHDA,SQIVND,EKKES
TRBV2,SNHLY,FYNNEI,PDGSN
TRBV20-1,DFQATT,SNEGSKA,ASLTL
TRBV21-1,KAHSY,FQNEEL,SKNSS
TRBV23-1,KGHTF,FQNEQV,PKNAP
TRBV24-1,KGHDR,SFDVKD,QAQAK
TRBV25-1,MGHDK,SYGVNS,IRTEH
TRBV27,MNHEY,SMNVEV,KEKRN
TRBV28,MDHEN,SYDVKM,EKKER
TRBV29-1,SQVTM,ANQGSEA,PNLTF
TRBV3-1,LGHDT,YNNKEL,PDKAH
TRBV3-2,LGHNA,YSNKEP,PDKAH
TRBV30,GTSNPN,SVGIG,PQDRQ
TRBV4-1,MGHRA,YSYEKL,PNSSL
TRBV4-2,LGHNA,YNFKEQ,PNSSH
TRBV4-3,LGHNA,YSLEER,PNSSH
TRBV5-1,SGHRS,YFSETQ,FSNSR
TRBV5-3,SGHSS,YANELR,FHDCC
TRBV5-4,SGHNT,YYREEE,FPNYS
TRBV5-5,SGHKS,YYEKEE,FPNYS
TRBV5-6,SGHDT,YYEEEE,FPNYS
TRBV5-7,SGHTS,YYEKEE,FPNYS
TRBV5-8,SGHTS,YDEGEE,FPNYS
TRBV6-1,MNHNS,SASEGT,LNKRE
TRBV6-2,MNHEY,SVGEGT,LKKQN
TRBV6-3,MNHEY,SVGEGT,LKKQN
TRBV6-4,MRHNA,SNTAGT,ANTDD
TRBV6-5,MNHEY,SVGAGI,STTED
TRBV6-6,MNHNY,SVGAGI,STTED
TRBV6-7,MNHEY,SVAAAL,SNTED
TRBV6-8,MNHGY,SAAAGT,LNTED
TRBV6-9,MNHGY,SVAAGI,SNTED
TRBV7-2,SGHTA,FQGNSA,TGGSV
TRBV7-3,SGHTA,FQGTGA,PEGSV
TRBV7-4,SGHVT,SQSDAQ,PERSV
TRBV7-6,SGHVS,FNYEAQ,PEGSI
TRBV7-7,SSHAT,FNYEAQ,PEGSI
TRBV7-8,SGHVS,FQNEAQ,PEGSV
TRBV7-9,SEHNR,FQNEAQ,PKGSF
TRBV9,SGDLS,YYNGEE,FPDLH